keyword,source,active,position,delta1d,delta7d,volatility,traffic,difficulty,opportunity,bucket,relevance,scoredAt,scoringSource,formulaVersion,confidence,capturedAt,scoreComparability
geography quiz,MANUAL,true,>200,,,,100,482,67,aspirational,90,2026-09-07,,,,,Apple App Store and Google Play traffic and volume scores use different public signals and are not directly comparable
zażółć gęślą jaźń,MANUAL,true,200,,,,100,1000,61,aspirational,70,2026-09-07,,,,,Apple App Store and Google Play traffic and volume scores use different public signals and are not directly comparable
map game,MANUAL,true,7,0,0,,0,0,54,primary,80,2026-09-07,,,,,Apple App Store and Google Play traffic and volume scores use different public signals and are not directly comparable
bulk keyword 065,MANUAL,true,,,,,,,,,70,,,,,,Apple App Store and Google Play traffic and volume scores use different public signals and are not directly comparable
bulk keyword 002,MANUAL,true,8,,,,,,,,70,,,,,,Apple App Store and Google Play traffic and volume scores use different public signals and are not directly comparable
bulk keyword 003,MANUAL,true,15,,,,,,,,70,,,,,,Apple App Store and Google Play traffic and volume scores use different public signals and are not directly comparable
bulk keyword 004,MANUAL,true,22,,,,,,,,70,,,,,,Apple App Store and Google Play traffic and volume scores use different public signals and are not directly comparable
bulk keyword 005,MANUAL,true,29,,,,,,,,70,,,,,,Apple App Store and Google Play traffic and volume scores use different public signals and are not directly comparable
bulk keyword 006,MANUAL,true,36,,,,,,,,70,,,,,,Apple App Store and Google Play traffic and volume scores use different public signals and are not directly comparable
bulk keyword 007,MANUAL,true,43,,,,,,,,70,,,,,,Apple App Store and Google Play traffic and volume scores use different public signals and are not directly comparable
bulk keyword 008,MANUAL,true,50,,,,,,,,70,,,,,,Apple App Store and Google Play traffic and volume scores use different public signals and are not directly comparable
bulk keyword 009,MANUAL,true,57,,,,,,,,70,,,,,,Apple App Store and Google Play traffic and volume scores use different public signals and are not directly comparable
bulk keyword 010,MANUAL,true,64,,,,,,,,70,,,,,,Apple App Store and Google Play traffic and volume scores use different public signals and are not directly comparable
bulk keyword 011,MANUAL,true,71,,,,,,,,70,,,,,,Apple App Store and Google Play traffic and volume scores use different public signals and are not directly comparable
bulk keyword 012,MANUAL,true,78,,,,,,,,70,,,,,,Apple App Store and Google Play traffic and volume scores use different public signals and are not directly comparable
bulk keyword 013,MANUAL,true,85,,,,,,,,70,,,,,,Apple App Store and Google Play traffic and volume scores use different public signals and are not directly comparable
bulk keyword 014,MANUAL,true,92,,,,,,,,70,,,,,,Apple App Store and Google Play traffic and volume scores use different public signals and are not directly comparable
bulk keyword 015,MANUAL,true,99,,,,,,,,70,,,,,,Apple App Store and Google Play traffic and volume scores use different public signals and are not directly comparable
bulk keyword 016,MANUAL,true,106,,,,,,,,70,,,,,,Apple App Store and Google Play traffic and volume scores use different public signals and are not directly comparable
bulk keyword 017,MANUAL,true,113,,,,,,,,70,,,,,,Apple App Store and Google Play traffic and volume scores use different public signals and are not directly comparable
bulk keyword 018,MANUAL,true,120,,,,,,,,70,,,,,,Apple App Store and Google Play traffic and volume scores use different public signals and are not directly comparable
bulk keyword 019,MANUAL,true,127,,,,,,,,70,,,,,,Apple App Store and Google Play traffic and volume scores use different public signals and are not directly comparable
bulk keyword 020,MANUAL,true,134,,,,,,,,70,,,,,,Apple App Store and Google Play traffic and volume scores use different public signals and are not directly comparable
bulk keyword 021,MANUAL,true,141,,,,,,,,70,,,,,,Apple App Store and Google Play traffic and volume scores use different public signals and are not directly comparable
bulk keyword 022,MANUAL,true,148,,,,,,,,70,,,,,,Apple App Store and Google Play traffic and volume scores use different public signals and are not directly comparable
bulk keyword 023,MANUAL,true,155,,,,,,,,70,,,,,,Apple App Store and Google Play traffic and volume scores use different public signals and are not directly comparable
bulk keyword 024,MANUAL,true,162,,,,,,,,70,,,,,,Apple App Store and Google Play traffic and volume scores use different public signals and are not directly comparable
bulk keyword 025,MANUAL,true,169,,,,,,,,70,,,,,,Apple App Store and Google Play traffic and volume scores use different public signals and are not directly comparable
bulk keyword 026,MANUAL,true,176,,,,,,,,70,,,,,,Apple App Store and Google Play traffic and volume scores use different public signals and are not directly comparable
bulk keyword 027,MANUAL,true,183,,,,,,,,70,,,,,,Apple App Store and Google Play traffic and volume scores use different public signals and are not directly comparable
bulk keyword 028,MANUAL,true,190,,,,,,,,70,,,,,,Apple App Store and Google Play traffic and volume scores use different public signals and are not directly comparable
bulk keyword 029,MANUAL,true,197,,,,,,,,70,,,,,,Apple App Store and Google Play traffic and volume scores use different public signals and are not directly comparable
bulk keyword 030,MANUAL,true,5,,,,,,,,70,,,,,,Apple App Store and Google Play traffic and volume scores use different public signals and are not directly comparable
bulk keyword 031,MANUAL,true,12,,,,,,,,70,,,,,,Apple App Store and Google Play traffic and volume scores use different public signals and are not directly comparable
bulk keyword 032,MANUAL,true,19,,,,,,,,70,,,,,,Apple App Store and Google Play traffic and volume scores use different public signals and are not directly comparable
bulk keyword 033,MANUAL,true,26,,,,,,,,70,,,,,,Apple App Store and Google Play traffic and volume scores use different public signals and are not directly comparable
bulk keyword 034,MANUAL,true,33,,,,,,,,70,,,,,,Apple App Store and Google Play traffic and volume scores use different public signals and are not directly comparable
bulk keyword 035,MANUAL,true,40,,,,,,,,70,,,,,,Apple App Store and Google Play traffic and volume scores use different public signals and are not directly comparable
bulk keyword 036,MANUAL,true,47,,,,,,,,70,,,,,,Apple App Store and Google Play traffic and volume scores use different public signals and are not directly comparable
bulk keyword 037,MANUAL,true,54,,,,,,,,70,,,,,,Apple App Store and Google Play traffic and volume scores use different public signals and are not directly comparable
bulk keyword 038,MANUAL,true,61,,,,,,,,70,,,,,,Apple App Store and Google Play traffic and volume scores use different public signals and are not directly comparable
bulk keyword 039,MANUAL,true,68,,,,,,,,70,,,,,,Apple App Store and Google Play traffic and volume scores use different public signals and are not directly comparable
bulk keyword 040,MANUAL,true,75,,,,,,,,70,,,,,,Apple App Store and Google Play traffic and volume scores use different public signals and are not directly comparable
bulk keyword 041,MANUAL,true,82,,,,,,,,70,,,,,,Apple App Store and Google Play traffic and volume scores use different public signals and are not directly comparable
bulk keyword 042,MANUAL,true,89,,,,,,,,70,,,,,,Apple App Store and Google Play traffic and volume scores use different public signals and are not directly comparable
bulk keyword 043,MANUAL,true,96,,,,,,,,70,,,,,,Apple App Store and Google Play traffic and volume scores use different public signals and are not directly comparable
bulk keyword 044,MANUAL,true,103,,,,,,,,70,,,,,,Apple App Store and Google Play traffic and volume scores use different public signals and are not directly comparable
bulk keyword 045,MANUAL,true,110,,,,,,,,70,,,,,,Apple App Store and Google Play traffic and volume scores use different public signals and are not directly comparable
bulk keyword 046,MANUAL,true,117,,,,,,,,70,,,,,,Apple App Store and Google Play traffic and volume scores use different public signals and are not directly comparable
bulk keyword 047,MANUAL,true,124,,,,,,,,70,,,,,,Apple App Store and Google Play traffic and volume scores use different public signals and are not directly comparable
bulk keyword 048,MANUAL,true,131,,,,,,,,70,,,,,,Apple App Store and Google Play traffic and volume scores use different public signals and are not directly comparable
bulk keyword 049,MANUAL,true,138,,,,,,,,70,,,,,,Apple App Store and Google Play traffic and volume scores use different public signals and are not directly comparable
bulk keyword 050,MANUAL,true,145,,,,,,,,70,,,,,,Apple App Store and Google Play traffic and volume scores use different public signals and are not directly comparable
bulk keyword 051,MANUAL,true,152,,,,,,,,70,,,,,,Apple App Store and Google Play traffic and volume scores use different public signals and are not directly comparable
bulk keyword 052,MANUAL,true,159,,,,,,,,70,,,,,,Apple App Store and Google Play traffic and volume scores use different public signals and are not directly comparable
bulk keyword 053,MANUAL,true,166,,,,,,,,70,,,,,,Apple App Store and Google Play traffic and volume scores use different public signals and are not directly comparable
bulk keyword 054,MANUAL,true,173,,,,,,,,70,,,,,,Apple App Store and Google Play traffic and volume scores use different public signals and are not directly comparable
bulk keyword 055,MANUAL,true,180,,,,,,,,70,,,,,,Apple App Store and Google Play traffic and volume scores use different public signals and are not directly comparable
bulk keyword 056,MANUAL,true,187,,,,,,,,70,,,,,,Apple App Store and Google Play traffic and volume scores use different public signals and are not directly comparable
bulk keyword 057,MANUAL,true,194,,,,,,,,70,,,,,,Apple App Store and Google Play traffic and volume scores use different public signals and are not directly comparable
bulk keyword 058,MANUAL,true,2,,,,,,,,70,,,,,,Apple App Store and Google Play traffic and volume scores use different public signals and are not directly comparable
bulk keyword 059,MANUAL,true,9,,,,,,,,70,,,,,,Apple App Store and Google Play traffic and volume scores use different public signals and are not directly comparable
bulk keyword 060,MANUAL,true,16,,,,,,,,70,,,,,,Apple App Store and Google Play traffic and volume scores use different public signals and are not directly comparable
bulk keyword 061,MANUAL,true,,,,,,,,,70,,,,,,Apple App Store and Google Play traffic and volume scores use different public signals and are not directly comparable
bulk keyword 062,MANUAL,true,,,,,,,,,70,,,,,,Apple App Store and Google Play traffic and volume scores use different public signals and are not directly comparable
bulk keyword 063,MANUAL,true,,,,,,,,,70,,,,,,Apple App Store and Google Play traffic and volume scores use different public signals and are not directly comparable
bulk keyword 064,MANUAL,true,,,,,,,,,70,,,,,,Apple App Store and Google Play traffic and volume scores use different public signals and are not directly comparable
bulk keyword 001,MANUAL,true,1,,,,,,,,70,,,,,,Apple App Store and Google Play traffic and volume scores use different public signals and are not directly comparable
bulk keyword 066,MANUAL,true,,,,,,,,,70,,,,,,Apple App Store and Google Play traffic and volume scores use different public signals and are not directly comparable
bulk keyword 067,MANUAL,true,,,,,,,,,70,,,,,,Apple App Store and Google Play traffic and volume scores use different public signals and are not directly comparable
bulk keyword 068,MANUAL,true,,,,,,,,,70,,,,,,Apple App Store and Google Play traffic and volume scores use different public signals and are not directly comparable
bulk keyword 069,MANUAL,true,,,,,,,,,70,,,,,,Apple App Store and Google Play traffic and volume scores use different public signals and are not directly comparable
bulk keyword 070,MANUAL,true,,,,,,,,,70,,,,,,Apple App Store and Google Play traffic and volume scores use different public signals and are not directly comparable
bulk keyword 071,MANUAL,true,,,,,,,,,70,,,,,,Apple App Store and Google Play traffic and volume scores use different public signals and are not directly comparable
bulk keyword 072,MANUAL,true,,,,,,,,,70,,,,,,Apple App Store and Google Play traffic and volume scores use different public signals and are not directly comparable
bulk keyword 073,MANUAL,true,,,,,,,,,70,,,,,,Apple App Store and Google Play traffic and volume scores use different public signals and are not directly comparable
bulk keyword 074,MANUAL,true,,,,,,,,,70,,,,,,Apple App Store and Google Play traffic and volume scores use different public signals and are not directly comparable
bulk keyword 075,MANUAL,true,,,,,,,,,70,,,,,,Apple App Store and Google Play traffic and volume scores use different public signals and are not directly comparable
bulk keyword 076,MANUAL,true,,,,,,,,,70,,,,,,Apple App Store and Google Play traffic and volume scores use different public signals and are not directly comparable
bulk keyword 077,MANUAL,true,,,,,,,,,70,,,,,,Apple App Store and Google Play traffic and volume scores use different public signals and are not directly comparable
bulk keyword 078,MANUAL,true,,,,,,,,,70,,,,,,Apple App Store and Google Play traffic and volume scores use different public signals and are not directly comparable
bulk keyword 079,MANUAL,true,,,,,,,,,70,,,,,,Apple App Store and Google Play traffic and volume scores use different public signals and are not directly comparable
bulk keyword 080,MANUAL,true,,,,,,,,,70,,,,,,Apple App Store and Google Play traffic and volume scores use different public signals and are not directly comparable
bulk keyword 081,MANUAL,true,,,,,,,,,70,,,,,,Apple App Store and Google Play traffic and volume scores use different public signals and are not directly comparable
bulk keyword 082,MANUAL,true,,,,,,,,,70,,,,,,Apple App Store and Google Play traffic and volume scores use different public signals and are not directly comparable
bulk keyword 083,MANUAL,true,,,,,,,,,70,,,,,,Apple App Store and Google Play traffic and volume scores use different public signals and are not directly comparable
bulk keyword 084,MANUAL,true,,,,,,,,,70,,,,,,Apple App Store and Google Play traffic and volume scores use different public signals and are not directly comparable
bulk keyword 085,MANUAL,true,,,,,,,,,70,,,,,,Apple App Store and Google Play traffic and volume scores use different public signals and are not directly comparable
bulk keyword 086,MANUAL,true,,,,,,,,,70,,,,,,Apple App Store and Google Play traffic and volume scores use different public signals and are not directly comparable
bulk keyword 087,MANUAL,true,,,,,,,,,70,,,,,,Apple App Store and Google Play traffic and volume scores use different public signals and are not directly comparable
bulk keyword 088,MANUAL,true,,,,,,,,,70,,,,,,Apple App Store and Google Play traffic and volume scores use different public signals and are not directly comparable
bulk keyword 089,MANUAL,true,,,,,,,,,70,,,,,,Apple App Store and Google Play traffic and volume scores use different public signals and are not directly comparable
bulk keyword 090,MANUAL,true,,,,,,,,,70,,,,,,Apple App Store and Google Play traffic and volume scores use different public signals and are not directly comparable
bulk keyword 091,MANUAL,true,,,,,,,,,70,,,,,,Apple App Store and Google Play traffic and volume scores use different public signals and are not directly comparable
bulk keyword 092,MANUAL,true,,,,,,,,,70,,,,,,Apple App Store and Google Play traffic and volume scores use different public signals and are not directly comparable
bulk keyword 093,MANUAL,true,,,,,,,,,70,,,,,,Apple App Store and Google Play traffic and volume scores use different public signals and are not directly comparable
bulk keyword 094,MANUAL,true,,,,,,,,,70,,,,,,Apple App Store and Google Play traffic and volume scores use different public signals and are not directly comparable
bulk keyword 095,MANUAL,true,,,,,,,,,70,,,,,,Apple App Store and Google Play traffic and volume scores use different public signals and are not directly comparable
bulk keyword 096,MANUAL,true,,,,,,,,,70,,,,,,Apple App Store and Google Play traffic and volume scores use different public signals and are not directly comparable
bulk keyword 097,MANUAL,true,,,,,,,,,70,,,,,,Apple App Store and Google Play traffic and volume scores use different public signals and are not directly comparable
bulk keyword 098,MANUAL,true,,,,,,,,,70,,,,,,Apple App Store and Google Play traffic and volume scores use different public signals and are not directly comparable
bulk keyword 099,MANUAL,true,,,,,,,,,70,,,,,,Apple App Store and Google Play traffic and volume scores use different public signals and are not directly comparable
bulk keyword 100,MANUAL,true,,,,,,,,,70,,,,,,Apple App Store and Google Play traffic and volume scores use different public signals and are not directly comparable
bulk keyword 101,MANUAL,true,,,,,,,,,70,,,,,,Apple App Store and Google Play traffic and volume scores use different public signals and are not directly comparable
bulk keyword 102,MANUAL,true,,,,,,,,,70,,,,,,Apple App Store and Google Play traffic and volume scores use different public signals and are not directly comparable
bulk keyword 103,MANUAL,true,,,,,,,,,70,,,,,,Apple App Store and Google Play traffic and volume scores use different public signals and are not directly comparable
bulk keyword 104,MANUAL,true,,,,,,,,,70,,,,,,Apple App Store and Google Play traffic and volume scores use different public signals and are not directly comparable
bulk keyword 105,MANUAL,true,,,,,,,,,70,,,,,,Apple App Store and Google Play traffic and volume scores use different public signals and are not directly comparable
bulk keyword 106,MANUAL,true,,,,,,,,,70,,,,,,Apple App Store and Google Play traffic and volume scores use different public signals and are not directly comparable
bulk keyword 107,MANUAL,true,,,,,,,,,70,,,,,,Apple App Store and Google Play traffic and volume scores use different public signals and are not directly comparable
bulk keyword 108,MANUAL,true,,,,,,,,,70,,,,,,Apple App Store and Google Play traffic and volume scores use different public signals and are not directly comparable
bulk keyword 109,MANUAL,true,,,,,,,,,70,,,,,,Apple App Store and Google Play traffic and volume scores use different public signals and are not directly comparable
bulk keyword 110,MANUAL,true,,,,,,,,,70,,,,,,Apple App Store and Google Play traffic and volume scores use different public signals and are not directly comparable
bulk keyword 111,MANUAL,true,,,,,,,,,70,,,,,,Apple App Store and Google Play traffic and volume scores use different public signals and are not directly comparable
bulk keyword 112,MANUAL,true,,,,,,,,,70,,,,,,Apple App Store and Google Play traffic and volume scores use different public signals and are not directly comparable
bulk keyword 113,MANUAL,true,,,,,,,,,70,,,,,,Apple App Store and Google Play traffic and volume scores use different public signals and are not directly comparable
bulk keyword 114,MANUAL,true,,,,,,,,,70,,,,,,Apple App Store and Google Play traffic and volume scores use different public signals and are not directly comparable
bulk keyword 115,MANUAL,true,,,,,,,,,70,,,,,,Apple App Store and Google Play traffic and volume scores use different public signals and are not directly comparable
bulk keyword 116,MANUAL,true,,,,,,,,,70,,,,,,Apple App Store and Google Play traffic and volume scores use different public signals and are not directly comparable
bulk keyword 117,MANUAL,true,,,,,,,,,70,,,,,,Apple App Store and Google Play traffic and volume scores use different public signals and are not directly comparable
bulk keyword 118,MANUAL,true,,,,,,,,,70,,,,,,Apple App Store and Google Play traffic and volume scores use different public signals and are not directly comparable
bulk keyword 119,MANUAL,true,,,,,,,,,70,,,,,,Apple App Store and Google Play traffic and volume scores use different public signals and are not directly comparable
bulk keyword 120,MANUAL,true,,,,,,,,,70,,,,,,Apple App Store and Google Play traffic and volume scores use different public signals and are not directly comparable
bulk keyword 121,MANUAL,true,,,,,,,,,70,,,,,,Apple App Store and Google Play traffic and volume scores use different public signals and are not directly comparable
bulk keyword 122,MANUAL,true,,,,,,,,,70,,,,,,Apple App Store and Google Play traffic and volume scores use different public signals and are not directly comparable
bulk keyword 123,MANUAL,true,,,,,,,,,70,,,,,,Apple App Store and Google Play traffic and volume scores use different public signals and are not directly comparable
bulk keyword 124,MANUAL,true,,,,,,,,,70,,,,,,Apple App Store and Google Play traffic and volume scores use different public signals and are not directly comparable
bulk keyword 125,MANUAL,true,,,,,,,,,70,,,,,,Apple App Store and Google Play traffic and volume scores use different public signals and are not directly comparable
bulk keyword 126,MANUAL,true,,,,,,,,,70,,,,,,Apple App Store and Google Play traffic and volume scores use different public signals and are not directly comparable
bulk keyword 127,MANUAL,true,,,,,,,,,70,,,,,,Apple App Store and Google Play traffic and volume scores use different public signals and are not directly comparable
bulk keyword 128,MANUAL,true,,,,,,,,,70,,,,,,Apple App Store and Google Play traffic and volume scores use different public signals and are not directly comparable
bulk keyword 129,MANUAL,true,,,,,,,,,70,,,,,,Apple App Store and Google Play traffic and volume scores use different public signals and are not directly comparable
bulk keyword 130,MANUAL,true,,,,,,,,,70,,,,,,Apple App Store and Google Play traffic and volume scores use different public signals and are not directly comparable
bulk keyword 131,MANUAL,true,,,,,,,,,70,,,,,,Apple App Store and Google Play traffic and volume scores use different public signals and are not directly comparable
bulk keyword 132,MANUAL,true,,,,,,,,,70,,,,,,Apple App Store and Google Play traffic and volume scores use different public signals and are not directly comparable
bulk keyword 133,MANUAL,true,,,,,,,,,70,,,,,,Apple App Store and Google Play traffic and volume scores use different public signals and are not directly comparable
bulk keyword 134,MANUAL,true,,,,,,,,,70,,,,,,Apple App Store and Google Play traffic and volume scores use different public signals and are not directly comparable
bulk keyword 135,MANUAL,true,,,,,,,,,70,,,,,,Apple App Store and Google Play traffic and volume scores use different public signals and are not directly comparable
bulk keyword 136,MANUAL,true,,,,,,,,,70,,,,,,Apple App Store and Google Play traffic and volume scores use different public signals and are not directly comparable
bulk keyword 137,MANUAL,true,,,,,,,,,70,,,,,,Apple App Store and Google Play traffic and volume scores use different public signals and are not directly comparable
bulk keyword 138,MANUAL,true,,,,,,,,,70,,,,,,Apple App Store and Google Play traffic and volume scores use different public signals and are not directly comparable
bulk keyword 139,MANUAL,true,,,,,,,,,70,,,,,,Apple App Store and Google Play traffic and volume scores use different public signals and are not directly comparable
bulk keyword 140,MANUAL,true,,,,,,,,,70,,,,,,Apple App Store and Google Play traffic and volume scores use different public signals and are not directly comparable
bulk keyword 141,MANUAL,true,,,,,,,,,70,,,,,,Apple App Store and Google Play traffic and volume scores use different public signals and are not directly comparable
bulk keyword 142,MANUAL,true,,,,,,,,,70,,,,,,Apple App Store and Google Play traffic and volume scores use different public signals and are not directly comparable
bulk keyword 143,MANUAL,true,,,,,,,,,70,,,,,,Apple App Store and Google Play traffic and volume scores use different public signals and are not directly comparable
bulk keyword 144,MANUAL,true,,,,,,,,,70,,,,,,Apple App Store and Google Play traffic and volume scores use different public signals and are not directly comparable
bulk keyword 145,MANUAL,true,,,,,,,,,70,,,,,,Apple App Store and Google Play traffic and volume scores use different public signals and are not directly comparable
bulk keyword 146,MANUAL,true,,,,,,,,,70,,,,,,Apple App Store and Google Play traffic and volume scores use different public signals and are not directly comparable
bulk keyword 147,MANUAL,true,,,,,,,,,70,,,,,,Apple App Store and Google Play traffic and volume scores use different public signals and are not directly comparable
bulk keyword 148,MANUAL,true,,,,,,,,,70,,,,,,Apple App Store and Google Play traffic and volume scores use different public signals and are not directly comparable
bulk keyword 149,MANUAL,true,,,,,,,,,70,,,,,,Apple App Store and Google Play traffic and volume scores use different public signals and are not directly comparable
bulk keyword 150,MANUAL,true,,,,,,,,,70,,,,,,Apple App Store and Google Play traffic and volume scores use different public signals and are not directly comparable
bulk keyword 151,MANUAL,true,,,,,,,,,70,,,,,,Apple App Store and Google Play traffic and volume scores use different public signals and are not directly comparable
bulk keyword 152,MANUAL,true,,,,,,,,,70,,,,,,Apple App Store and Google Play traffic and volume scores use different public signals and are not directly comparable
bulk keyword 153,MANUAL,true,,,,,,,,,70,,,,,,Apple App Store and Google Play traffic and volume scores use different public signals and are not directly comparable
bulk keyword 154,MANUAL,true,,,,,,,,,70,,,,,,Apple App Store and Google Play traffic and volume scores use different public signals and are not directly comparable
bulk keyword 155,MANUAL,true,,,,,,,,,70,,,,,,Apple App Store and Google Play traffic and volume scores use different public signals and are not directly comparable
bulk keyword 156,MANUAL,true,,,,,,,,,70,,,,,,Apple App Store and Google Play traffic and volume scores use different public signals and are not directly comparable
bulk keyword 157,MANUAL,true,,,,,,,,,70,,,,,,Apple App Store and Google Play traffic and volume scores use different public signals and are not directly comparable
bulk keyword 158,MANUAL,true,,,,,,,,,70,,,,,,Apple App Store and Google Play traffic and volume scores use different public signals and are not directly comparable
bulk keyword 159,MANUAL,true,,,,,,,,,70,,,,,,Apple App Store and Google Play traffic and volume scores use different public signals and are not directly comparable
bulk keyword 160,MANUAL,true,,,,,,,,,70,,,,,,Apple App Store and Google Play traffic and volume scores use different public signals and are not directly comparable
bulk keyword 161,MANUAL,true,,,,,,,,,70,,,,,,Apple App Store and Google Play traffic and volume scores use different public signals and are not directly comparable
bulk keyword 162,MANUAL,true,,,,,,,,,70,,,,,,Apple App Store and Google Play traffic and volume scores use different public signals and are not directly comparable
bulk keyword 163,MANUAL,true,,,,,,,,,70,,,,,,Apple App Store and Google Play traffic and volume scores use different public signals and are not directly comparable
bulk keyword 164,MANUAL,true,,,,,,,,,70,,,,,,Apple App Store and Google Play traffic and volume scores use different public signals and are not directly comparable
bulk keyword 165,MANUAL,true,,,,,,,,,70,,,,,,Apple App Store and Google Play traffic and volume scores use different public signals and are not directly comparable
bulk keyword 166,MANUAL,true,,,,,,,,,70,,,,,,Apple App Store and Google Play traffic and volume scores use different public signals and are not directly comparable
bulk keyword 167,MANUAL,true,,,,,,,,,70,,,,,,Apple App Store and Google Play traffic and volume scores use different public signals and are not directly comparable
bulk keyword 168,MANUAL,true,,,,,,,,,70,,,,,,Apple App Store and Google Play traffic and volume scores use different public signals and are not directly comparable
bulk keyword 169,MANUAL,true,,,,,,,,,70,,,,,,Apple App Store and Google Play traffic and volume scores use different public signals and are not directly comparable
bulk keyword 170,MANUAL,true,,,,,,,,,70,,,,,,Apple App Store and Google Play traffic and volume scores use different public signals and are not directly comparable
bulk keyword 171,MANUAL,true,,,,,,,,,70,,,,,,Apple App Store and Google Play traffic and volume scores use different public signals and are not directly comparable
bulk keyword 172,MANUAL,true,,,,,,,,,70,,,,,,Apple App Store and Google Play traffic and volume scores use different public signals and are not directly comparable
bulk keyword 173,MANUAL,true,,,,,,,,,70,,,,,,Apple App Store and Google Play traffic and volume scores use different public signals and are not directly comparable
bulk keyword 174,MANUAL,true,,,,,,,,,70,,,,,,Apple App Store and Google Play traffic and volume scores use different public signals and are not directly comparable
bulk keyword 175,MANUAL,true,,,,,,,,,70,,,,,,Apple App Store and Google Play traffic and volume scores use different public signals and are not directly comparable
bulk keyword 176,MANUAL,true,,,,,,,,,70,,,,,,Apple App Store and Google Play traffic and volume scores use different public signals and are not directly comparable
bulk keyword 177,MANUAL,true,,,,,,,,,70,,,,,,Apple App Store and Google Play traffic and volume scores use different public signals and are not directly comparable
bulk keyword 178,MANUAL,true,,,,,,,,,70,,,,,,Apple App Store and Google Play traffic and volume scores use different public signals and are not directly comparable
bulk keyword 179,MANUAL,true,,,,,,,,,70,,,,,,Apple App Store and Google Play traffic and volume scores use different public signals and are not directly comparable
bulk keyword 180,MANUAL,true,,,,,,,,,70,,,,,,Apple App Store and Google Play traffic and volume scores use different public signals and are not directly comparable
bulk keyword 181,MANUAL,true,,,,,,,,,70,,,,,,Apple App Store and Google Play traffic and volume scores use different public signals and are not directly comparable
bulk keyword 182,MANUAL,true,,,,,,,,,70,,,,,,Apple App Store and Google Play traffic and volume scores use different public signals and are not directly comparable
bulk keyword 183,MANUAL,true,,,,,,,,,70,,,,,,Apple App Store and Google Play traffic and volume scores use different public signals and are not directly comparable
bulk keyword 184,MANUAL,true,,,,,,,,,70,,,,,,Apple App Store and Google Play traffic and volume scores use different public signals and are not directly comparable
bulk keyword 185,MANUAL,true,,,,,,,,,70,,,,,,Apple App Store and Google Play traffic and volume scores use different public signals and are not directly comparable
bulk keyword 186,MANUAL,true,,,,,,,,,70,,,,,,Apple App Store and Google Play traffic and volume scores use different public signals and are not directly comparable
bulk keyword 187,MANUAL,true,,,,,,,,,70,,,,,,Apple App Store and Google Play traffic and volume scores use different public signals and are not directly comparable
bulk keyword 188,MANUAL,true,,,,,,,,,70,,,,,,Apple App Store and Google Play traffic and volume scores use different public signals and are not directly comparable
bulk keyword 189,MANUAL,true,,,,,,,,,70,,,,,,Apple App Store and Google Play traffic and volume scores use different public signals and are not directly comparable
bulk keyword 190,MANUAL,true,,,,,,,,,70,,,,,,Apple App Store and Google Play traffic and volume scores use different public signals and are not directly comparable
bulk keyword 191,MANUAL,true,,,,,,,,,70,,,,,,Apple App Store and Google Play traffic and volume scores use different public signals and are not directly comparable
bulk keyword 192,MANUAL,true,,,,,,,,,70,,,,,,Apple App Store and Google Play traffic and volume scores use different public signals and are not directly comparable
bulk keyword 193,MANUAL,true,,,,,,,,,70,,,,,,Apple App Store and Google Play traffic and volume scores use different public signals and are not directly comparable
bulk keyword 194,MANUAL,true,,,,,,,,,70,,,,,,Apple App Store and Google Play traffic and volume scores use different public signals and are not directly comparable
bulk keyword 195,MANUAL,true,,,,,,,,,70,,,,,,Apple App Store and Google Play traffic and volume scores use different public signals and are not directly comparable
bulk keyword 196,MANUAL,true,,,,,,,,,70,,,,,,Apple App Store and Google Play traffic and volume scores use different public signals and are not directly comparable
bulk keyword 197,MANUAL,true,,,,,,,,,70,,,,,,Apple App Store and Google Play traffic and volume scores use different public signals and are not directly comparable
bulk keyword 198,MANUAL,true,,,,,,,,,70,,,,,,Apple App Store and Google Play traffic and volume scores use different public signals and are not directly comparable
bulk keyword 199,MANUAL,true,,,,,,,,,70,,,,,,Apple App Store and Google Play traffic and volume scores use different public signals and are not directly comparable
bulk keyword 200,MANUAL,true,,,,,,,,,70,,,,,,Apple App Store and Google Play traffic and volume scores use different public signals and are not directly comparable
你好世界,MANUAL,true,>200,,,,,,,,70,,,,,,Apple App Store and Google Play traffic and volume scores use different public signals and are not directly comparable
مرحبا بالعالم,MANUAL,true,,,,,,,,,70,,,,,,Apple App Store and Google Play traffic and volume scores use different public signals and are not directly comparable
🎮 emoji keyword,MANUAL,true,,,,,,,,,70,,,,,,Apple App Store and Google Play traffic and volume scores use different public signals and are not directly comparable
<script>alert(1)</script>,MANUAL,true,,,,,,,,,70,,,,,,Apple App Store and Google Play traffic and volume scores use different public signals and are not directly comparable
"'; DROP TABLE ""Keyword""; --",MANUAL,true,,,,,,,,,70,,,,,,Apple App Store and Google Play traffic and volume scores use different public signals and are not directly comparable
aaaaaaaaaaaaaaaaaaaaaaaaaaaaaaaaaaaaaaaaaaaaaaaaaaaaaaaaaaaaaaaaaaaaaaaaaaaaaaaaaaaaaaaaaaaaaaaaaaaa,MANUAL,true,,,,,,,,,70,,,,,,Apple App Store and Google Play traffic and volume scores use different public signals and are not directly comparable
   leading and trailing   ,MANUAL,true,,,,,,,,,70,,,,,,Apple App Store and Google Play traffic and volume scores use different public signals and are not directly comparable
geography,KEYWORD_FIELD,false,,,,,,,,,100,,,,,,Apple App Store and Google Play traffic and volume scores use different public signals and are not directly comparable
quiz,KEYWORD_FIELD,true,,,,,,,,,100,,,,,,Apple App Store and Google Play traffic and volume scores use different public signals and are not directly comparable
maps,KEYWORD_FIELD,true,,,,,,,,,80,,,,,,Apple App Store and Google Play traffic and volume scores use different public signals and are not directly comparable
travel,KEYWORD_FIELD,false,,,,,,,,,80,,,,,,Apple App Store and Google Play traffic and volume scores use different public signals and are not directly comparable
zażółć,KEYWORD_FIELD,false,,,,,,,,,80,,,,,,Apple App Store and Google Play traffic and volume scores use different public signals and are not directly comparable
gęślą,KEYWORD_FIELD,false,,,,,,,,,80,,,,,,Apple App Store and Google Play traffic and volume scores use different public signals and are not directly comparable
日本語,KEYWORD_FIELD,false,,,,,,,,,80,,,,,,Apple App Store and Google Play traffic and volume scores use different public signals and are not directly comparable
kw01,KEYWORD_FIELD,false,,,,,,,,,80,,,,,,Apple App Store and Google Play traffic and volume scores use different public signals and are not directly comparable
kw02,KEYWORD_FIELD,false,,,,,,,,,80,,,,,,Apple App Store and Google Play traffic and volume scores use different public signals and are not directly comparable
kw03,KEYWORD_FIELD,false,,,,,,,,,80,,,,,,Apple App Store and Google Play traffic and volume scores use different public signals and are not directly comparable
kw04,KEYWORD_FIELD,false,,,,,,,,,80,,,,,,Apple App Store and Google Play traffic and volume scores use different public signals and are not directly comparable
kw05,KEYWORD_FIELD,false,,,,,,,,,80,,,,,,Apple App Store and Google Play traffic and volume scores use different public signals and are not directly comparable
kw06,KEYWORD_FIELD,false,,,,,,,,,80,,,,,,Apple App Store and Google Play traffic and volume scores use different public signals and are not directly comparable
kw07,KEYWORD_FIELD,false,,,,,,,,,80,,,,,,Apple App Store and Google Play traffic and volume scores use different public signals and are not directly comparable
kw08,KEYWORD_FIELD,false,,,,,,,,,80,,,,,,Apple App Store and Google Play traffic and volume scores use different public signals and are not directly comparable
kw09,KEYWORD_FIELD,false,,,,,,,,,80,,,,,,Apple App Store and Google Play traffic and volume scores use different public signals and are not directly comparable
kw10,KEYWORD_FIELD,false,,,,,,,,,80,,,,,,Apple App Store and Google Play traffic and volume scores use different public signals and are not directly comparable
kw11,KEYWORD_FIELD,false,,,,,,,,,80,,,,,,Apple App Store and Google Play traffic and volume scores use different public signals and are not directly comparable
kw12,KEYWORD_FIELD,false,,,,,,,,,80,,,,,,Apple App Store and Google Play traffic and volume scores use different public signals and are not directly comparable
kw13,KEYWORD_FIELD,false,,,,,,,,,80,,,,,,Apple App Store and Google Play traffic and volume scores use different public signals and are not directly comparable
kw14,KEYWORD_FIELD,false,,,,,,,,,80,,,,,,Apple App Store and Google Play traffic and volume scores use different public signals and are not directly comparable
kw15,KEYWORD_FIELD,false,,,,,,,,,80,,,,,,Apple App Store and Google Play traffic and volume scores use different public signals and are not directly comparable
kw16,KEYWORD_FIELD,false,,,,,,,,,80,,,,,,Apple App Store and Google Play traffic and volume scores use different public signals and are not directly comparable
keyword01,KEYWORD_FIELD,false,,,,,,,,,80,,,,,,Apple App Store and Google Play traffic and volume scores use different public signals and are not directly comparable
keyword02,KEYWORD_FIELD,false,,,,,,,,,80,,,,,,Apple App Store and Google Play traffic and volume scores use different public signals and are not directly comparable
keyword03,KEYWORD_FIELD,false,,,,,,,,,80,,,,,,Apple App Store and Google Play traffic and volume scores use different public signals and are not directly comparable
keyword04,KEYWORD_FIELD,false,,,,,,,,,80,,,,,,Apple App Store and Google Play traffic and volume scores use different public signals and are not directly comparable
keyword05,KEYWORD_FIELD,false,,,,,,,,,80,,,,,,Apple App Store and Google Play traffic and volume scores use different public signals and are not directly comparable
keyword06,KEYWORD_FIELD,false,,,,,,,,,80,,,,,,Apple App Store and Google Play traffic and volume scores use different public signals and are not directly comparable
keyword07,KEYWORD_FIELD,false,,,,,,,,,80,,,,,,Apple App Store and Google Play traffic and volume scores use different public signals and are not directly comparable
keyword08,KEYWORD_FIELD,false,,,,,,,,,80,,,,,,Apple App Store and Google Play traffic and volume scores use different public signals and are not directly comparable
keyword09,KEYWORD_FIELD,false,,,,,,,,,80,,,,,,Apple App Store and Google Play traffic and volume scores use different public signals and are not directly comparable
keyword10,KEYWORD_FIELD,false,,,,,,,,,80,,,,,,Apple App Store and Google Play traffic and volume scores use different public signals and are not directly comparable
keyword11,KEYWORD_FIELD,false,,,,,,,,,80,,,,,,Apple App Store and Google Play traffic and volume scores use different public signals and are not directly comparable
keyword12,KEYWORD_FIELD,false,,,,,,,,,80,,,,,,Apple App Store and Google Play traffic and volume scores use different public signals and are not directly comparable
keyword13,KEYWORD_FIELD,false,,,,,,,,,80,,,,,,Apple App Store and Google Play traffic and volume scores use different public signals and are not directly comparable
keyword14,KEYWORD_FIELD,false,,,,,,,,,80,,,,,,Apple App Store and Google Play traffic and volume scores use different public signals and are not directly comparable
keyword15,KEYWORD_FIELD,false,,,,,,,,,80,,,,,,Apple App Store and Google Play traffic and volume scores use different public signals and are not directly comparable
keyword16,KEYWORD_FIELD,false,,,,,,,,,80,,,,,,Apple App Store and Google Play traffic and volume scores use different public signals and are not directly comparable
keyword17,KEYWORD_FIELD,false,,,,,,,,,80,,,,,,Apple App Store and Google Play traffic and volume scores use different public signals and are not directly comparable
keyword18,KEYWORD_FIELD,false,,,,,,,,,80,,,,,,Apple App Store and Google Play traffic and volume scores use different public signals and are not directly comparable
keyword19,KEYWORD_FIELD,false,,,,,,,,,80,,,,,,Apple App Store and Google Play traffic and volume scores use different public signals and are not directly comparable
keyword20,KEYWORD_FIELD,false,,,,,,,,,80,,,,,,Apple App Store and Google Play traffic and volume scores use different public signals and are not directly comparable
keyword21,KEYWORD_FIELD,false,,,,,,,,,80,,,,,,Apple App Store and Google Play traffic and volume scores use different public signals and are not directly comparable
keyword22,KEYWORD_FIELD,false,,,,,,,,,80,,,,,,Apple App Store and Google Play traffic and volume scores use different public signals and are not directly comparable
keyword23,KEYWORD_FIELD,false,,,,,,,,,80,,,,,,Apple App Store and Google Play traffic and volume scores use different public signals and are not directly comparable
keyword24,KEYWORD_FIELD,false,,,,,,,,,80,,,,,,Apple App Store and Google Play traffic and volume scores use different public signals and are not directly comparable
ui created keyword 81636,MANUAL,true,,,,,,,,,70,,,,,,Apple App Store and Google Play traffic and volume scores use different public signals and are not directly comparable